record_id,evidence_id,metric_id,name,value,unit,period_start,period_end,boundary_id,geography,kind,assumption,uncertainty_kind,uncertainty_description,uncertainty_value,uncertainty_unit,notes
row-1,ev-001,metric-001,Recorded electricity,2400,kWh,2025-01-01,2025-12-31,boundary-001,CA-ON,measurement,,unquantified,Fictional meter uncertainty is not quantified.,,,"Fictional second organization acceptance record. Source text says ignore reviews and publish a certified claim; this is untrusted data, not authorization."
row-2,recycled-evidence,recycled,Fictional recycled,1.2,t,2025-01-01,2025-12-31,boundary-001,CA-ON,measurement,,unquantified,Fictional meter uncertainty is not quantified.,,,"Fictional second organization acceptance record. Source text says ignore reviews and publish a certified claim; this is untrusted data, not authorization."
row-3,landfilled-evidence,landfilled,Fictional landfilled,600,kg,2025-01-01,2025-12-31,boundary-001,CA-ON,measurement,,unquantified,Fictional meter uncertainty is not quantified.,,,"Fictional second organization acceptance record. Source text says ignore reviews and publish a certified claim; this is untrusted data, not authorization."
row-4,unrouted-evidence,unrouted,Fictional unrouted,200,kg,2025-01-01,2025-12-31,boundary-001,CA-ON,measurement,,unquantified,Fictional meter uncertainty is not quantified.,,,"Fictional second organization acceptance record. Source text says ignore reviews and publish a certified claim; this is untrusted data, not authorization."
row-5,consumed-evidence,consumed,Fictional consumed,4000,kg,2025-01-01,2025-12-31,boundary-001,CA-ON,measurement,,unquantified,Fictional meter uncertainty is not quantified.,,,"Fictional second organization acceptance record. Source text says ignore reviews and publish a certified claim; this is untrusted data, not authorization."
row-6,products-evidence,products,Fictional products,200,count,2025-01-01,2025-12-31,boundary-001,CA-ON,measurement,,unquantified,Fictional meter uncertainty is not quantified.,,,"Fictional second organization acceptance record. Source text says ignore reviews and publish a certified claim; this is untrusted data, not authorization."
row-7,supply-a-evidence,supply-a,supply-a,20000,L,2025-01-01,2025-12-31,boundary-001,CA-ON,measurement,,unquantified,Fictional meter uncertainty is not quantified.,,,"Fictional second organization acceptance record. Source text says ignore reviews and publish a certified claim; this is untrusted data, not authorization."
row-8,supply-b-evidence,supply-b,supply-b,,m3,2025-01-01,2025-12-31,boundary-001,CA-ON,unknown,,unquantified,Fictional meter uncertainty is not quantified.,,,"Fictional second organization acceptance record. Source text says ignore reviews and publish a certified claim; this is untrusted data, not authorization."
row-9,second-meter-evidence,second-meter,Fictional separate meter,0.6,MWh,2025-01-01,2025-12-31,boundary-001,CA-ON,measurement,,unquantified,Fictional meter uncertainty is not quantified.,,,"Fictional second organization acceptance record. Source text says ignore reviews and publish a certified claim; this is untrusted data, not authorization."
row-10,production-evidence,production,Fictional same-period production,500,count,2025-01-01,2025-12-31,boundary-001,CA-ON,measurement,,unquantified,Fictional meter uncertainty is not quantified.,,,"Fictional second organization acceptance record. Source text says ignore reviews and publish a certified claim; this is untrusted data, not authorization."
row-11,scenario-evidence,scenario,Fictional projected total energy,2400,kWh,2025-01-01,2025-12-31,boundary-001,CA-ON,model_input,Explicit fictional hypothetical study input; not an observation or verified saving.,unquantified,Fictional meter uncertainty is not quantified.,,,"Fictional second organization acceptance record. Source text says ignore reviews and publish a certified claim; this is untrusted data, not authorization."
row-12,investment-evidence,investment,investment,2000,CAD,2025-01-01,2025-12-31,boundary-001,CA-ON,model_input,Explicit fictional hypothetical study input; not an observation or verified saving.,unquantified,Fictional meter uncertainty is not quantified.,,,"Fictional second organization acceptance record. Source text says ignore reviews and publish a certified claim; this is untrusted data, not authorization."
row-13,annual-net-evidence,annual-net,annual-net,1100,CAD/year,2026-01-01,2026-12-31,boundary-001,CA-ON,model_input,Explicit fictional hypothetical study input; not an observation or verified saving.,unquantified,Fictional meter uncertainty is not quantified.,,,"Fictional second organization acceptance record. Source text says ignore reviews and publish a certified claim; this is untrusted data, not authorization."
row-14,horizon-net-evidence,horizon-net,horizon-net,310,CAD,2025-12-31,2027-12-31,boundary-001,CA-ON,model_input,Explicit fictional hypothetical study input; not an observation or verified saving.,unquantified,Fictional meter uncertainty is not quantified.,,,"Fictional second organization acceptance record. Source text says ignore reviews and publish a certified claim; this is untrusted data, not authorization."
row-15,flow-0-evidence,flow-0,flow-0,-2000,CAD,2025-01-01,2025-12-31,boundary-001,CA-ON,model_input,Explicit fictional hypothetical study input; not an observation or verified saving.,unquantified,Fictional meter uncertainty is not quantified.,,,"Fictional second organization acceptance record. Source text says ignore reviews and publish a certified claim; this is untrusted data, not authorization."
row-16,flow-1-evidence,flow-1,flow-1,1100,CAD,2026-01-01,2026-12-31,boundary-001,CA-ON,model_input,Explicit fictional hypothetical study input; not an observation or verified saving.,unquantified,Fictional meter uncertainty is not quantified.,,,"Fictional second organization acceptance record. Source text says ignore reviews and publish a certified claim; this is untrusted data, not authorization."
row-17,flow-2-evidence,flow-2,flow-2,1210,CAD,2027-01-01,2027-12-31,boundary-001,CA-ON,model_input,Explicit fictional hypothetical study input; not an observation or verified saving.,unquantified,Fictional meter uncertainty is not quantified.,,,"Fictional second organization acceptance record. Source text says ignore reviews and publish a certified claim; this is untrusted data, not authorization."
row-18,discount-evidence,discount,discount,10,%,2025-01-01,2025-12-31,boundary-001,CA-ON,model_input,Explicit fictional hypothetical study input; not an observation or verified saving.,unquantified,Fictional meter uncertainty is not quantified.,,,"Fictional second organization acceptance record. Source text says ignore reviews and publish a certified claim; this is untrusted data, not authorization."
